customer_id,name,email,age,city,registration_date
1,Allison Hill,jillrhodes@miller.com,35,Chicago,2023-12-09
2,Alyssa Gonzalez,shaneramirez@gmail.com,52,San Antonio,2025-01-21
3,Melissa Peterson,susanrogers@james.com,32,New York,2024-09-22
4,Andrew Stevens,smiller@montgomery.com,62,Houston,2023-07-17
5,Patricia Galloway,jamesshawn@martin-kelly.com,18,Chicago,2024-12-08
6,Maria Lynch,frankgray@watts.com,27,Philadelphia,2023-12-06
7,Renee Morales,robinbradley@edwards.info,40,San Jose,2023-09-30
8,David Hoffman,zhurst@yahoo.com,47,San Antonio,2023-11-29
9,Brenda Snyder PhD,courtneyconner@carlson-cruz.org,58,Philadelphia,2024-06-09
10,Tricia Valencia,maldonadoamanda@mack-peterson.com,20,Phoenix,2024-05-14
11,Aaron Bowen,williamrodriguez@hotmail.com,24,San Diego,2024-01-29
12,Katie Gonzalez,amberosborne@hotmail.com,41,Phoenix,2025-05-25
13,Fred Smith,john39@gmail.com,22,Chicago,2023-08-17
14,Rose Spence,donnaarroyo@baker.biz,47,Dallas,2023-11-23
15,Nicole Vaughn,pcarney@yahoo.com,67,Houston,2024-05-17
16,Jocelyn Wright,andrew83@robinson.com,43,Houston,2023-08-03
17,Shannon Jones,elizabeth38@cummings.org,63,San Diego,2024-06-13
18,John Russell,hopkinsmichael@owens-daniel.com,47,Chicago,2023-07-29
19,Gerald Hensley,jameswest@white-ford.com,34,San Antonio,2024-05-21
20,Savannah Garcia,housemelinda@russell.com,32,Chicago,2025-04-13
21,Anthony Gray,sara74@yahoo.com,21,Chicago,2024-12-04
22,Whitney Peters,jamesrobinson@gmail.com,45,San Antonio,2024-09-03
23,Amy Edwards,hshaw@brown.com,51,Dallas,2025-04-03
24,Kurt Leonard,kwilson@riley.org,64,Dallas,2023-08-14
25,Kevin Mills,elizabethedwards@yahoo.com,39,San Antonio,2024-04-14
26,Matthew Bryant,invalid-email,64,Phoenix,2024-01-03
27,Gregory Jones,justin78@turner.net,50,Phoenix,2023-06-18
28,Kristen Huynh,josephpreston@tran.com,30,Chicago,2023-11-17
29,Sarah Wagner,davisrodney@yahoo.com,51,San Jose,2023-07-16
30,Ray Walsh,joycearnold@yahoo.com,41,Phoenix,2024-08-20
31,Benjamin Ware,davenportbrandi@jordan.com,54,Los Angeles,2024-03-21
32,Rebecca Valencia,evelynestrada@yahoo.com,66,Chicago,2025-02-06
33,Shelly Dickson,michellecherry@keith.com,53,Dallas,2025-01-04
34,Rachel Jenkins,erik16@garrison.com,31,Houston,2025-03-07
35,Hannah Hoover,andrewlee@ramirez-jones.com,60,San Diego,2024-03-10
36,Jennifer Zavala,wilsontara@gmail.com,33,Philadelphia,2024-09-04
37,Deborah Rodriguez,jessica56@hotmail.com,55,Los Angeles,2024-07-13
38,Steven Lee,zsmith@mcdaniel.com,22,Philadelphia,2024-03-20
39,Travis Mccall,cortezkevin@yahoo.com,60,Dallas,2024-11-10
40,James Phillips,robertbentley@adkins.biz,54,Houston,2024-08-10
41,Elizabeth Clark,rramos@gmail.com,30,San Antonio,2024-07-13
42,Steven Flynn,campbellelizabeth@rogers.com,64,Los Angeles,2023-12-03
43,Brittany Williams,gibsonolivia@hotmail.com,69,Houston,2023-11-10
44,Janet Ross,staffordmichelle@osborne.com,26,Phoenix,2025-02-25
45,Kelly Williams,bryantlaurie@schmidt.info,22,Dallas,2024-09-29
46,Stephanie Simmons,juliawells@yahoo.com,52,Los Angeles,2025-01-15
47,Mark Cannon,joshuajones@yahoo.com,28,San Diego,2023-12-11
48,Francisco Fernandez,jessebenson@lewis.info,21,New York,2024-04-29
49,Ross Price,wwoods@molina-castaneda.biz,68,Phoenix,2024-08-03
50,Kimberly Morrison,brobinson@johnson-rogers.biz,68,San Diego,2024-12-25
51,John Anderson,qvargas@miller.com,21,Dallas,2025-04-15
52,Anthony Gray,wmurphy@ramirez-bean.biz,21,Dallas,2023-12-24
53,Julie Curry,jeffrey10@herring.com,21,Los Angeles,2024-10-06
54,Cameron Caldwell,xlyons@jackson-lawson.com,22,Houston,2025-02-05
55,Traci Rodriguez,barbara66@gonzalez.com,54,San Jose,2023-08-30
56,Elizabeth Sutton,reedross@jones-holland.com,60,Dallas,2025-04-01
57,John Hamilton,bzimmerman@gmail.com,60,Houston,2025-01-01
58,Marie Gilbert,ugraham@hotmail.com,59,Philadelphia,2024-01-06
59,David Michael,dsanchez@hotmail.com,18,San Jose,2024-09-28
60,Gabrielle Snyder,tonykelly@yahoo.com,31,Chicago,2024-03-02
61,Kyle Beard,christophercortez@peters-allen.info,33,Chicago,2024-10-25
62,Joan Smith,richardsanchez@hotmail.com,37,Dallas,2024-09-05
63,Juan Cooper,,37,Los Angeles,2025-01-11
64,Heather Chavez,jerry35@gmail.com,25,Dallas,2025-01-09
65,Pamela Lopez,lhill@carlson.com,31,Houston,2023-12-05
66,Eric Erickson,brandon08@terry-martinez.info,50,New York,2023-08-30
67,Laura Harrison,jack04@yahoo.com,35,Philadelphia,2023-09-08
68,Jennifer Jones,edwardhart@miller-wright.net,34,San Diego,2025-01-25
69,Kyle Montgomery,tkerr@hotmail.com,18,Chicago,2024-05-10
70,Marc Lynch,colleenbaker@moore.net,55,San Antonio,2023-08-09
71,Jason Norris,antonio44@hotmail.com,68,New York,2025-04-09
72,Michael Bradshaw,owilson@hernandez.com,33,Philadelphia,2023-10-18
73,Linda Holloway,smartinez@yahoo.com,44,Chicago,2024-12-06
74,Dillon Fernandez,georgepamela@hotmail.com,28,Chicago,2024-02-17
75,Allison Perez,barbara27@pearson.org,65,San Antonio,2024-05-15
76,Katherine Davis,qcook@gmail.com,69,Chicago,2025-04-08
77,Jason Simpson,gibsonleonard@yahoo.com,20,Houston,2023-09-10
78,Jennifer Robertson,mgutierrez@cox.com,40,Houston,2023-11-17
79,Carlos Roberts,johnsoncrystal@gmail.com,43,Los Angeles,2024-12-14
80,Juan Tran,victoriadurham@valentine-holland.com,59,Dallas,2024-07-03
81,Dorothy Thornton,pbaird@yahoo.com,34,Phoenix,2024-08-13
82,Connor Greene,hillkristy@morgan-french.com,40,Philadelphia,2025-03-10
83,Nicholas Monroe,seanwashington@yahoo.com,25,San Jose,2024-08-13
84,Jamie Cantu,ashleyhall@williams-garner.biz,-2,Houston,2024-04-06
85,Rebecca Pearson MD,waynelawrence@sawyer.com,60,San Jose,2024-07-24
86,Alexis Thomas,harrisontanya@hanson-sanders.com,64,Dallas,2025-04-03
87,Michael Ferguson,cbrennan@hotmail.com,43,Dallas,2023-08-04
88,Michael Mitchell,hamiltoncorey@padilla.com,42,Chicago,2025-05-13
89,Frederick Brown,ryan38@yahoo.com,53,Phoenix,2024-08-24
90,Catherine Thompson,tyleraguilar@gmail.com,55,Philadelphia,2024-06-04
91,Julia Estrada,erica21@yahoo.com,31,Chicago,2024-03-06
92,Elizabeth Hayden DDS,james67@gmail.com,60,Philadelphia,2023-12-13
93,Ian Phillips,spencedominique@yahoo.com,33,Houston,2023-06-18
94,Melissa Garner,swall@lawson.com,20,San Diego,2024-10-18
95,David Campos,bergerdebbie@kramer-johnson.com,47,San Jose,2024-12-31
96,Theodore Murphy,jamesbuchanan@yahoo.com,49,Chicago,2024-07-28
97,Denise Martin,invalid-email,66,Los Angeles,2023-08-09
98,Vincent Dalton,christopher60@yahoo.com,69,Dallas,2024-08-01
99,Jacob Curry,xcarson@gmail.com,25,San Diego,2024-11-17
100,Alexander Henson,deborahreid@yahoo.com,56,San Diego,2025-05-18
101,Marie Wilson,torrestravis@young.com,50,Dallas,2024-04-08
102,Michael Paul,nicolepena@yahoo.com,48,Houston,2024-10-02
103,Trevor Johnson,scottsampson@yahoo.com,67,Houston,2023-08-28
104,Mrs. Stephanie Newman,hhill@davis-lewis.org,36,Philadelphia,2023-06-28
105,Gavin Zhang,gallegosangela@robinson.com,26,San Antonio,2025-02-13
106,April Garrison,amberlindsey@guerrero.com,22,Philadelphia,2023-06-23
107,Richard Chapman,josephmartinez@fox-reese.info,31,San Antonio,2024-05-25
108,Kayla Rodriguez,acostaregina@boyd.com,62,San Jose,2024-06-18
109,Jessica Rodriguez,invalid-email,40,San Antonio,2023-08-02
110,Marcus Richards,hvang@yahoo.com,44,Dallas,2024-05-29
111,Jessica Mcguire,russellbeasley@morgan-chavez.biz,49,San Antonio,2024-12-29
112,Jeffery Ortega,gloriawells@gmail.com,60,San Antonio,2025-03-19
113,Jeffrey Garner,angelawillis@hotmail.com,26,Dallas,2024-08-21
114,Bryan Gomez,schmittcaroline@yahoo.com,54,Los Angeles,2023-08-31
115,Christy Douglas,bellangela@farmer.com,47,Phoenix,2025-02-27
116,Justin Saunders,anthony44@bell-white.com,38,San Antonio,2024-08-24
117,Andrea Figueroa,reesejason@chavez-moore.com,44,Los Angeles,2024-12-23
118,Todd Carlson,ericwilliamson@miller.org,21,Philadelphia,2024-05-20
119,Daniel Hunt,rrodriguez@hotmail.com,59,New York,2024-09-14
120,Mr. Andrew Foster,harrissierra@duran.com,19,Houston,2023-09-13
121,Paul Thompson,vincentwhitaker@yahoo.com,54,San Diego,2023-08-06
122,Patrick Graham,atkinsbarbara@hotmail.com,28,Los Angeles,2024-04-21
123,Jennifer Wilson,george97@gillespie.com,37,New York,2024-05-15
124,Kelly Foster,jeffrey21@hotmail.com,42,Houston,2024-10-15
125,Jordan Bullock,jessica23@gmail.com,58,Phoenix,2023-10-03
126,Christopher Hernandez,stephanieburton@webster-wolf.info,25,San Jose,2024-11-22
127,Kristy Reid,edward17@yahoo.com,45,Los Angeles,2024-10-14
128,Donald Brown,steven00@decker-jones.com,44,Los Angeles,2024-10-01
129,Janice Carpenter,kstout@lopez.com,47,San Antonio,2024-05-26
130,Steven Cooper,benjaminzimmerman@warren-bishop.com,59,Dallas,2024-03-27
131,Jasmine Schroeder,cameron18@hughes.org,70,Phoenix,2025-04-20
132,Brad Alvarado,tammy62@hotmail.com,23,San Diego,2024-12-13
133,Emily Bennett,elizabethcalderon@hotmail.com,57,Philadelphia,2024-11-25
134,Anna Santiago,coxhenry@gmail.com,29,Philadelphia,2024-03-03
135,Katelyn Perez,chrisrichard@romero.net,56,Phoenix,2023-07-11
136,Sherri Williamson,francisguerra@hotmail.com,30,San Antonio,2025-03-01
137,Michelle Williams,tarabishop@hotmail.com,62,San Diego,2025-02-09
138,Joseph Collins,michealvalentine@yahoo.com,36,Houston,2024-06-04
139,Paula Shaw,lisasolis@gmail.com,48,Philadelphia,2025-04-20
140,Martin Sawyer,mitchellkathryn@cole-palmer.biz,39,San Diego,2023-08-22
141,Courtney Hayes,perryrandy@yahoo.com,25,Philadelphia,2023-12-12
142,Brad Walker,combsdebra@gmail.com,66,Houston,2023-09-26
143,Thomas Kennedy,awest@smith.com,64,Dallas,2024-08-11
144,Lisa Henderson,kevinwilliams@yahoo.com,30,Philadelphia,2024-10-20
145,Joyce Rodriguez,chenbailey@hotmail.com,52,New York,2023-10-01
146,Aaron Gomez,elizabethmiller@yahoo.com,62,San Diego,2023-08-03
147,Kimberly Hartman,cmarks@hughes.com,36,San Diego,2025-02-13
148,David Sandoval,dennis58@li-thompson.info,34,San Diego,2024-12-03
149,Clarence Taylor,carterbradley@gmail.com,49,New York,2025-04-30
150,Timothy Robertson,benjamin34@yahoo.com,37,Houston,2025-04-11
151,Sharon Rivera,samuel67@morgan-lopez.info,56,San Jose,2024-03-23
152,Kelly Owen,jordanwanda@gmail.com,46,Phoenix,2024-08-08
153,Brian Murphy,sean62@hotmail.com,37,New York,2024-05-21
154,Andrew Berg,yhill@gmail.com,66,Houston,2023-08-09
155,Jennifer Palmer,thomascathy@johnson-jones.com,33,Los Angeles,2024-03-19
156,Keith Jacobs,nathan19@gmail.com,62,Phoenix,2024-07-27
157,Ernest Ramirez,fitzgeraldvictor@mcintyre-wilson.com,36,San Diego,2024-12-09
158,Zachary Mitchell,davidfarrell@yahoo.com,34,San Jose,2023-10-24
159,Jill Miller,jenna88@yahoo.com,45,Houston,2025-05-04
160,Christopher Mckinney,william13@young.com,70,New York,2024-03-18
161,Jackie Lara,jonesraymond@higgins.org,65,Phoenix,2023-08-08
162,Evan Jones,david89@gmail.com,37,Phoenix,2025-01-28
163,Jessica Bartlett,holmeskevin@morris.com,23,San Antonio,2024-03-06
164,Kelly Campbell,james84@weber.net,19,San Jose,2023-08-23
165,Caroline David,donnale@morgan.com,66,Phoenix,2023-08-14
166,Martin Ray,bmontgomery@small-gardner.com,29,San Diego,2024-06-21
167,Robert Sullivan,barkereric@yahoo.com,55,San Diego,2024-06-22
168,Gerald Thomas,theresa25@hotmail.com,44,Los Angeles,2024-08-21
169,David Martinez,donaldwilliams@yahoo.com,62,San Antonio,2025-04-13
170,Danielle Grimes,sarah53@jimenez.info,47,Phoenix,2024-07-03
171,Kathleen Davis,nlevy@hotmail.com,43,New York,2024-03-12
172,Douglas Harper,amanda16@gmail.com,44,Dallas,2025-04-27
173,Jacob Powell,jwilliams@cox.com,58,New York,2024-04-07
174,Pamela Ramirez,theresalong@grant-diaz.com,36,San Diego,2023-11-13
175,Jennifer Williams,jenniferbrock@bryant.com,56,Chicago,2025-06-04
176,Carla Ewing,william88@yahoo.com,44,Los Angeles,2024-12-13
177,Karen Smith,whitneybrandy@hotmail.com,27,Phoenix,2025-04-19
178,Alyssa Wells,silvageorge@griffith.com,48,Houston,2023-07-06
179,Melody Lee,robert63@yahoo.com,30,Dallas,2024-07-05
180,Tami Salas,aprilhoffman@mendoza.info,22,San Antonio,2025-05-20
181,Kimberly Lowe,plee@yahoo.com,35,Phoenix,2024-08-18
182,Todd Hendrix,hannahburns@yahoo.com,55,San Diego,2024-03-08
183,Taylor Griffith,berryamy@yahoo.com,48,Dallas,2025-03-08
184,Raymond Thomas,stephanie15@douglas-burgess.com,38,Houston,2023-11-15
185,Denise Hoffman,danielyang@gmail.com,67,Philadelphia,2023-12-17
186,Taylor Perez,garciamark@garcia-townsend.com,69,Chicago,2024-08-12
187,Brooke Delgado,wsantos@yahoo.com,50,Philadelphia,2024-02-16
188,Anthony Mack,gentrygregory@peck.biz,46,San Diego,2025-02-13
189,Timothy Hayden DVM,evanscarrie@mitchell-hays.net,59,Los Angeles,2024-07-23
190,Todd Rosales MD,riverajessica@scott.com,39,San Antonio,2024-08-26
191,Cheryl Carr,frobertson@yahoo.com,61,San Antonio,2024-11-12
192,William Woods,greenjoe@finley-turner.org,66,Dallas,2023-06-20
193,Ian Young,zparker@shaw.com,58,Phoenix,2024-11-29
194,Thomas Phillips,susanmendoza@adkins-obrien.biz,45,Los Angeles,2024-12-08
195,Kaitlin Medina,erinlarson@fox.com,19,New York,2023-08-11
196,Ashley Poole,franklinbond@wilson-harris.org,27,San Antonio,2024-06-25
197,Jordan Stokes,williambryant@gmail.com,28,San Jose,2024-08-19
198,Robert Cummings,lisa39@gmail.com,33,San Jose,2023-07-17
199,Michael Weaver,andersenthomas@ortiz-mack.biz,34,New York,2024-03-28
200,Janet Kane DVM,vegadorothy@hotmail.com,36,Chicago,2023-09-23
201,Hannah White,jessicawalker@gmail.com,55,San Antonio,2025-01-19
202,Edwin Nunez,pmorrow@yahoo.com,37,San Antonio,2024-03-06
203,Colin Golden,pachecorobert@allen.com,42,San Jose,2024-09-15
204,Kyle Warner,joymorales@fernandez.com,19,San Antonio,2024-07-07
205,Cynthia Hendricks DDS,kevinthomas@hotmail.com,61,New York,2024-07-20
206,Eric Brown,dpeters@david-powers.net,36,Houston,2024-02-14
207,Jennifer Evans,oallen@mathews-thomas.info,58,Phoenix,2025-05-22
208,Jason Butler,nsanchez@lucas-nielsen.com,60,Chicago,2023-08-22
209,Sandra Williams,russojacob@hotmail.com,59,San Diego,2024-12-25
210,Claire Clark,susan03@gmail.com,26,Phoenix,2025-01-07
211,Zachary Mendoza,randyallen@rowe-james.net,30,Dallas,2024-10-27
212,Dennis Hunt,ugarcia@yahoo.com,50,Chicago,2025-01-23
213,Suzanne Wood,hartjeffrey@gmail.com,48,Phoenix,2023-06-24
214,Timothy Riley,elijah53@yahoo.com,25,Los Angeles,2024-08-27
215,Kathryn Pena,kathryn77@yahoo.com,61,San Antonio,2023-10-20
216,Heather Taylor,sabrinaweaver@hotmail.com,41,San Antonio,2023-07-27
217,Sara Jones,gutierrezmegan@jones.com,47,Phoenix,2023-11-28
218,Jacqueline Williamson,ismith@hotmail.com,41,Houston,2024-04-26
219,Joseph Hill,shawheidi@yahoo.com,53,San Jose,2025-02-27
220,Cassie Hull,jamesfox@adams-sanders.com,70,Phoenix,2024-04-22
221,David Terry,valdezmichele@gmail.com,20,Phoenix,2023-08-23
222,James Alvarez,christopherbruce@mueller.com,33,Chicago,2025-05-07
223,Amanda Lewis,brandon14@hotmail.com,65,Dallas,2024-08-22
224,Cassie Jefferson,brendagoodwin@nicholson.org,27,Los Angeles,2023-12-15
225,Sarah Rhodes,icampos@hotmail.com,35,Philadelphia,2024-12-25
226,Patrick Reed,ehall@jacobs-austin.org,33,Los Angeles,2024-04-15
227,Erin Walters,jperez@yahoo.com,59,San Antonio,2024-05-12
228,Kevin James,jennifermiller@gmail.com,70,Houston,2024-04-02
229,Madison Singh,daniel04@yahoo.com,19,Philadelphia,2024-03-17
230,Ashley Miller,ghawkins@yahoo.com,54,Dallas,2023-08-31
231,Hector Davis,asmith@yahoo.com,32,Chicago,2025-02-06
232,Steven Stein,ginajackson@turner-snyder.com,35,Chicago,2023-10-19
233,Jason Washington,johnathan37@jensen.com,69,New York,2024-04-14
234,Manuel Brock,pcook@hotmail.com,68,Philadelphia,2023-09-25
235,Larry Dominguez,gregory65@yahoo.com,26,Dallas,2025-01-02
236,Katherine Johnston,nicholas65@frederick.org,46,Dallas,2024-08-08
237,Randall Johnson,samuelcarter@hotmail.com,32,New York,2023-08-04
238,Rebecca Ortiz,cynthiaallen@hotmail.com,60,San Diego,2023-10-09
239,Rachel Jones,sferguson@yahoo.com,48,San Antonio,2024-08-07
240,Warren Miles,mackdiane@jackson-salazar.org,46,Los Angeles,2024-10-25
241,Jennifer Goodwin,smithjonathan@hotmail.com,26,San Jose,2025-01-12
242,Lauren Johnston,peter98@gmail.com,56,San Diego,2024-03-05
243,Mrs. Elizabeth Knapp MD,larry73@webb.info,68,Dallas,2024-02-14
244,Andrew Page,deborah23@thompson.info,46,San Antonio,2023-12-09
245,Lori Lopez,njohnson@gmail.com,44,Philadelphia,2024-05-26
246,Jasmine Bush,karen19@lloyd.com,41,San Diego,2024-03-22
247,Jim Baker,candice96@hotmail.com,23,Philadelphia,2023-09-08
248,Ryan Williamson,powerslawrence@gmail.com,55,Dallas,2024-02-04
249,James Thomas,kcarlson@yahoo.com,40,San Antonio,2024-05-05
250,Mark Steele,tracytaylor@wilkinson-harvey.com,36,Philadelphia,2023-06-19
251,Mr. James Hoffman,acohen@hotmail.com,27,Houston,2025-03-25
252,Christopher Cunningham,antonio38@jackson-ellis.info,53,Phoenix,2024-08-11
253,Laura Adams,wolfscott@gmail.com,53,San Jose,2024-05-07
254,Ronald Potter,colemichael@gmail.com,19,Phoenix,2024-05-18
255,Autumn Cain,michelle96@jensen.com,66,Philadelphia,2025-02-26
256,Gregory Campbell,tiffany44@adams.com,27,San Antonio,2023-09-25
257,Rachel Sellers,jacquelineanderson@gmail.com,19,Dallas,2024-12-15
258,David Bridges,othomas@yahoo.com,39,Phoenix,2024-10-11
259,Jesse Schultz,rrobertson@mayer.com,54,New York,2024-09-06
260,Raymond Oconnor,melissa86@gmail.com,21,Phoenix,2024-05-10
261,Kathleen Morris,amy29@yahoo.com,56,Phoenix,2025-02-13
262,Michael Williams,ksmith@bryant-braun.biz,40,Phoenix,2023-11-16
263,Susan Khan MD,penajohn@yahoo.com,51,New York,2024-11-09
264,Carol Sanders,rubendavis@gmail.com,-6,Houston,2023-06-12
265,Blake Wheeler,smithmatthew@gmail.com,36,New York,2025-04-10
266,Carlos Jones,crosscurtis@yahoo.com,26,Houston,2024-03-23
267,Breanna Ayala,caseyelliott@santos.com,69,San Antonio,2025-05-26
268,Michael Heath,taylordavid@cruz.com,19,Los Angeles,2023-12-21
269,Bradley Tran,abbottdominique@yahoo.com,54,San Antonio,2023-11-18
270,Katrina Adkins,bowerslaura@gmail.com,38,San Jose,2024-06-30
271,David Little,hatfieldsarah@hughes.biz,41,Los Angeles,2024-03-21
272,Carrie Ruiz,matthewsalexander@williams.biz,51,Phoenix,2024-07-09
273,Micheal Wang,imiller@hotmail.com,67,Dallas,2024-10-02
274,Bradley Miller,amandamyers@hines.com,30,Philadelphia,2024-12-05
275,Troy Allen,middletondarren@lynch.com,59,Houston,2023-09-12
276,Chad Smith,alexandra42@yahoo.com,29,Los Angeles,2023-09-18
277,Shelley Quinn,rogersruben@brown.com,49,San Jose,2024-07-01
278,Ian Porter,eric19@sharp.com,54,San Jose,2025-04-08
279,Dana Ruiz,haroldhorne@gmail.com,38,Los Angeles,2024-08-14
280,Michelle Rios,john54@duncan.net,68,New York,2024-11-15
281,Cassie Brock,djones@ayala-collins.com,47,New York,2024-08-14
282,Jacob Carter,stevenvargas@yahoo.com,59,Los Angeles,2025-02-01
283,Morgan Payne,adamortiz@weaver.com,47,New York,2024-02-27
284,Matthew Sweeney,harristonya@yahoo.com,59,San Jose,2024-06-28
285,Valerie Thomas,williamsjesse@hotmail.com,21,Philadelphia,2024-04-27
286,Jacqueline Villegas,wagnerdana@jones-bradley.biz,59,Houston,2024-11-07
287,Cynthia Green,vhaynes@yahoo.com,51,Chicago,2024-02-14
288,David Harding,moorefrank@edwards-martinez.com,42,Philadelphia,2025-01-30
289,Eric Baker,mooregina@terry.com,58,Los Angeles,2023-10-05
290,David Kelly,jorge20@bond-hawkins.net,42,San Jose,2023-12-23
291,Brian Leon,brownkimberly@anderson.com,55,Philadelphia,2024-11-26
292,Maria Aguilar,johnsoncaleb@hotmail.com,60,San Jose,2024-05-21
293,Anna Boone,williamssteven@gmail.com,53,Philadelphia,2025-05-29
294,Samantha Foster,lvega@lewis-lopez.com,65,Dallas,2024-05-23
295,Amanda Harvey,victor87@miller.com,50,Philadelphia,2024-05-02
296,Stephen Fox,wcasey@stephens-washington.org,39,San Diego,2024-07-06
297,Devin Johnson,huangkimberly@stokes.net,27,Los Angeles,2024-03-15
298,Yvonne Dickson,dianeadams@brown.biz,65,New York,2024-03-13
299,Wendy Thompson,linda59@warner.org,57,San Antonio,2024-08-22
300,Travis Copeland,gregory01@gmail.com,62,Chicago,2023-12-09
301,Alicia Woods,lindsaypeterson@gmail.com,41,Houston,2025-05-25
302,Sheena Brown,kimmathis@yu-brooks.biz,66,San Diego,2024-09-09
303,Eric Taylor,fconner@stewart.org,69,Houston,2025-02-12
304,Max Olsen,jessica42@gmail.com,46,Phoenix,2024-12-29
305,Michael Berry,carriemccall@walker.com,44,Houston,2024-02-24
306,Cynthia Haas,underwoodelizabeth@tanner.com,34,San Diego,2024-12-01
307,David Rodriguez,cruzjessica@wilkerson.biz,24,Dallas,2024-03-10
308,Ashley Mendoza,shannonlloyd@phillips.com,66,San Diego,2023-09-01
309,Christopher Bennett,morgantricia@bush-reynolds.com,45,Houston,2024-09-25
310,Brooke Garcia,robertspencer@fernandez.com,19,San Antonio,2023-07-20
311,Joshua Henry,adam14@weber.com,23,New York,2023-10-22
312,Vanessa Wells,kristen77@baker.com,63,Chicago,2025-04-29
313,Cody Williams,rbaker@hotmail.com,48,Chicago,2023-07-29
314,Michael Davis,larellano@gmail.com,-9,New York,2024-08-14
315,James Mills,thomasmiller@hotmail.com,53,San Jose,2023-07-08
316,Stephanie Mcbride,averyshane@stanton.com,36,Los Angeles,2023-07-15
317,William Graham,luis11@hawkins-arnold.com,68,Los Angeles,2024-07-19
318,Shane Buchanan,perryeddie@hotmail.com,56,Dallas,2024-09-06
319,Teresa Buckley,mikayla56@reyes-washington.org,36,San Jose,2024-06-13
320,Donald Thomas,fosternatasha@hotmail.com,29,Los Angeles,2023-12-13
321,John Adams,morganlaura@yahoo.com,51,Dallas,2024-01-15
322,Shannon Cohen,kevinmanning@adams-butler.com,48,San Antonio,2023-11-04
323,Thomas Russell,lori82@gmail.com,19,Los Angeles,2024-02-08
324,Jennifer Deleon,jameswhitaker@wright.com,58,San Jose,2025-05-25
325,Curtis Richardson,hreid@hotmail.com,20,Philadelphia,2023-07-05
326,John Griffin,max41@yahoo.com,67,San Diego,2023-07-03
327,Christopher Armstrong,deborahbyrd@pearson-palmer.com,22,San Diego,2024-06-14
328,Maria Burke,johnnytrujillo@marquez-fletcher.com,68,New York,2024-05-06
329,Sarah Stevens,hturner@sanders.com,43,Dallas,2024-08-21
330,Lisa Evans,rbrown@nguyen.com,59,Philadelphia,2023-11-05
331,Ralph Yoder,erin07@yahoo.com,59,Los Angeles,2023-12-30
332,Jennifer Doyle,jessica38@glover.net,43,San Antonio,2024-01-31
333,Sara Walter,connor24@stokes.com,62,Dallas,2024-11-01
334,Henry Garner,vfrench@yahoo.com,45,San Jose,2023-12-31
335,Julie Wilson,kennedyjames@dillon.net,36,Los Angeles,2024-01-29
336,Seth Hernandez,robert97@stewart.com,46,San Antonio,2025-02-06
337,Gary Hatfield,smithjoshua@gmail.com,46,Philadelphia,2024-09-01
338,Katherine Gallagher,christinaschultz@patterson-woods.com,58,New York,2023-07-11
339,Monica Dodson,andrewsmith@hotmail.com,41,Chicago,2023-12-22
340,Shawn Collins,tgordon@brown.com,56,San Diego,2024-01-23
341,Joseph Warren,matthewvalenzuela@yahoo.com,67,Philadelphia,2025-01-14
342,Travis Hull,perezjessica@gmail.com,56,San Diego,2023-11-23
343,Leah Jackson,brooksdanielle@hotmail.com,66,Chicago,2024-10-08
344,Zachary Stanley,norrisrobert@martinez-king.com,59,Los Angeles,2023-11-18
345,Lorraine Turner,cindy26@hunt.com,51,Dallas,2024-01-17
346,Brian Gonzalez,marie35@ortiz.com,63,San Jose,2024-11-27
347,Erin Smith,conleyelizabeth@herring.com,49,Chicago,2024-12-25
348,Summer Newman,joseph01@gmail.com,63,Los Angeles,2025-04-20
349,Dylan Solis,grodgers@gmail.com,38,Los Angeles,2023-06-19
350,Mary Jackson,rfriedman@hotmail.com,37,Chicago,2023-08-23
351,Grant Wilson,ynelson@hotmail.com,25,Chicago,2025-04-02
352,Javier Mercado,andersonjessica@garcia.info,41,Philadelphia,2025-02-24
353,Jessica Carr,huffmannichole@hotmail.com,26,Los Angeles,2025-05-04
354,Thomas Rodriguez,qwilliams@hotmail.com,63,Dallas,2024-02-11
355,Sean Warren,april91@stanley-wright.com,54,Philadelphia,2024-11-08
356,Janice Combs,schneidereric@christian-booth.com,61,Chicago,2025-01-15
357,David Cordova Jr.,ppowell@stevens.info,58,Chicago,2023-08-19
358,Jillian Wilson,garciarobert@hotmail.com,21,Dallas,2024-08-11
359,Brandon Munoz,diamondbryant@yahoo.com,38,Houston,2024-03-20
360,Ruth Richard,xmoran@hotmail.com,36,Phoenix,2024-05-28
361,Peter Walker,maria48@hotmail.com,35,Phoenix,2024-03-28
362,Amber Martin,nrodriguez@lopez.com,59,San Jose,2024-05-31
363,Cheryl Morgan,housemary@hotmail.com,64,Philadelphia,2023-09-15
364,Joanna Barrett,vsmith@tran.org,70,Los Angeles,2024-06-21
365,Priscilla Kent,dalesandoval@andrade.org,54,Houston,2025-05-23
366,Danielle Sanders,shawn22@yahoo.com,58,Dallas,2024-09-21
367,Nicole Evans,jamesweber@yahoo.com,48,San Antonio,2024-11-26
368,Michael Zavala,jennifer58@aguilar-bender.biz,21,San Antonio,2024-11-16
369,Sarah Mitchell,millsanthony@gmail.com,56,Philadelphia,2023-07-23
370,Christina Christensen,frances20@mueller.com,43,Philadelphia,2025-03-05
371,Luis Lowe,yyoung@roberts.biz,33,Phoenix,2024-04-30
372,Vanessa Edwards,manningjames@greer-pruitt.com,21,San Antonio,2025-01-18
373,Nancy Gonzalez,shane12@moss.biz,28,San Jose,2023-07-13
374,Justin Anderson,riverajenna@gmail.com,28,Dallas,2023-07-13
375,Frank Williams,jtyler@yahoo.com,49,San Antonio,2023-08-07
376,Emily Robinson,hartmanerik@herrera.com,31,New York,2024-11-08
377,Isaac Robinson,wilsonmichael@gmail.com,59,Phoenix,2025-05-14
378,Tamara Sanchez,patrick16@fernandez-campbell.net,45,Phoenix,2025-03-11
379,Kayla Hicks,phillipsdenise@yahoo.com,41,New York,2024-07-15
380,Brendan Bonilla,clarkcrystal@hancock.com,53,San Antonio,2023-11-18
381,Michele Cherry,burgesseric@yahoo.com,35,San Jose,2024-12-19
382,Brandon Brown,andrewsjeremy@yahoo.com,24,Philadelphia,2024-04-23
383,Mark Hamilton,inunez@may.com,27,Dallas,2025-01-19
384,Amber Charles,robertsgina@hotmail.com,20,Philadelphia,2023-08-18
385,Timothy James,omoore@francis.com,27,Dallas,2024-10-16
386,Michael Sloan,spencerangela@gmail.com,38,San Jose,2023-07-14
387,Kyle Medina,jason53@whitehead-york.com,39,Dallas,2023-10-15
388,Luis King,emilybradley@york.info,37,New York,2024-10-24
389,Donna Jones,jessicafreeman@howard-lambert.com,44,New York,2023-08-28
390,Benjamin Lee,qmurphy@yahoo.com,59,San Jose,2024-12-01
391,Krystal Diaz,ujackson@gmail.com,55,Dallas,2025-02-11
392,Patrick Graham,erinrivera@yahoo.com,42,Houston,2024-06-05
393,Raymond Tucker,debbiemiller@trevino-taylor.net,25,San Diego,2023-11-11
394,Stephen Jones,atkinsoncrystal@riley.com,62,Dallas,2024-08-13
395,Steven Fernandez,philip94@marshall.com,65,Chicago,2024-04-15
396,Adam Allen,seanwhite@hopkins.info,60,San Antonio,2025-06-10
397,Daniel Freeman,mike03@velez.info,52,Philadelphia,2025-04-26
398,William Nguyen,beth92@yahoo.com,61,Phoenix,2024-10-31
399,Kevin Villanueva,nicholas38@gomez-parrish.info,33,Phoenix,2025-02-16
400,Mr. Jonathan Taylor,chrisschneider@hernandez.com,37,Houston,2024-09-21
401,Bailey Hall,olsontimothy@gmail.com,48,Phoenix,2024-09-12
402,Roy Johnson,ashleymartin@hunt.com,52,San Antonio,2023-12-29
403,Kellie Sullivan,stacey37@haney.biz,69,New York,2024-09-20
404,Kevin Saunders,jennifercooper@yahoo.com,40,Phoenix,2024-09-17
405,Crystal Cruz,harrismichele@cohen.com,70,Dallas,2024-06-15
406,Linda Rich,olsondavid@ryan.biz,57,Houston,2024-07-21
407,Shaun Wolfe,shawnaolson@yahoo.com,51,Houston,2024-03-10
408,Natalie Juarez,eanderson@kent.com,63,Chicago,2024-09-18
409,Jennifer Lopez,,28,San Diego,2024-12-13
410,Adrienne Mills,spena@ortiz-rodriguez.biz,36,New York,2024-10-30
411,Deborah Herrera,victoria63@yahoo.com,54,New York,2024-08-13
412,Karen Wood,vanessa95@hotmail.com,29,New York,2024-04-16
413,Sarah Hopkins,klogan@lewis.com,49,Phoenix,2025-02-23
414,Melissa Mann,invalid-email,54,Philadelphia,2024-05-15
415,Dennis Wood,zarias@douglas.com,52,Chicago,2025-02-01
416,Margaret Gonzales,james98@hale.com,30,Philadelphia,2023-12-14
417,Vanessa Miller,zgomez@yahoo.com,34,New York,2024-09-09
418,Adrian Padilla,jessica89@bailey-ochoa.com,54,Houston,2024-09-24
419,Jordan Powell,gregory81@jones.net,43,Dallas,2023-12-29
420,Robin Andrews,xhart@gmail.com,24,Chicago,2025-01-20
421,Reginald Maldonado,ewilson@schultz-gamble.com,18,Houston,2025-02-22
422,Tyler Black,john16@goodman.com,39,San Jose,2024-06-16
423,Daniel Berry,victorgonzalez@allen.com,62,Los Angeles,2025-03-22
424,Brittney Rodriguez,waustin@rubio.com,61,Phoenix,2024-06-28
425,Sierra Andrews,wwhite@hotmail.com,36,Houston,2024-01-15
426,Paul Anderson,cayers@hotmail.com,27,San Jose,2024-03-07
427,Michael Thompson,astewart@craig.org,48,Houston,2023-08-29
428,Louis Green,josephmullen@yahoo.com,56,Los Angeles,2024-03-22
429,Jeff Barnes,melissa47@gmail.com,41,San Jose,2024-08-28
430,Kenneth Perez,linda86@gonzalez-marsh.com,50,Dallas,2024-06-13
431,Cassandra Porter,jevans@hotmail.com,51,Houston,2023-07-19
432,Michael Brown,gcombs@yahoo.com,50,New York,2025-01-10
433,Isaac Castro,andrew15@hotmail.com,47,Dallas,2024-09-24
434,Kenneth Banks,michael87@griffin.info,64,Phoenix,2024-10-14
435,Sheena Davidson,kwelch@yahoo.com,55,San Antonio,2025-04-01
436,Angela Cooper,denise49@hotmail.com,21,Los Angeles,2024-04-14
437,Jeremy Roy,lgutierrez@gmail.com,36,Chicago,2023-09-17
438,Mary Shepard,garrettgarcia@zuniga.net,59,Philadelphia,2023-07-23
439,James Hubbard,bakereric@huynh.com,42,Dallas,2024-05-21
440,Bonnie Roberson,alvaradomichelle@lin-mcdonald.net,25,Dallas,2025-06-07
441,Jeremy Montes,owelch@graham.com,32,New York,2024-06-20
442,Regina Ramos,tgreen@gmail.com,64,Dallas,2023-06-12
443,Olivia Taylor,snichols@yahoo.com,47,Phoenix,2025-01-18
444,Adam Jordan,laurakelley@gmail.com,66,San Antonio,2024-04-26
445,Jessica Wright,fwalker@yahoo.com,19,Los Angeles,2024-10-09
446,Phillip Kent,deborah84@yahoo.com,56,New York,2023-11-05
447,Catherine Roberts,nnelson@yahoo.com,46,Houston,2023-11-04
448,Christian Booker,teresacampbell@espinoza.com,26,Phoenix,2023-12-09
449,Adrian Robinson,kristi75@yahoo.com,54,San Jose,2024-12-04
450,Erin Bridges,adamsphilip@harrison.biz,33,Chicago,2025-03-16
451,William Espinoza,cwright@gmail.com,44,New York,2024-06-03
452,Anna Wade,tprice@moore-chandler.net,65,San Antonio,2024-07-20
453,John Evans,boyerjeff@gmail.com,40,San Antonio,2023-12-12
454,Erika Jackson,fosterjohn@gmail.com,44,Phoenix,2024-09-05
455,Karen Carlson,wrightvincent@hotmail.com,48,Houston,2024-10-04
456,Wayne Malone,kellyeric@moody.net,69,New York,2025-02-13
457,Hannah Snow,norrismichael@king.info,53,San Antonio,2024-12-11
458,Edward Terry,amymorris@hill-guerra.net,59,San Diego,2023-10-14
459,Christopher Phillips,shawn86@hotmail.com,64,New York,2023-11-03
460,Lisa Diaz,jennifer86@warren.net,56,Los Angeles,2023-10-09
461,Erica Davidson,millscarl@white.com,64,Houston,2023-09-03
462,Mr. Kenneth Huff,brandon39@hotmail.com,39,New York,2023-08-06
463,Thomas Rios,dowen@grant-hurley.biz,65,San Diego,2025-03-11
464,Michael Colon,navarromary@gmail.com,63,Houston,2023-11-26
465,Anne Hardy,jamessandoval@hotmail.com,42,Philadelphia,2024-10-09
466,Kristin Grant,emily61@sparks.biz,49,San Diego,2024-07-08
467,Christopher Murillo,rachel85@yahoo.com,31,San Antonio,2024-04-27
468,Jessica Swanson,nicholaspierce@king.biz,65,Phoenix,2023-06-12
469,Victoria Larson,adam33@smith-short.com,64,Chicago,2025-05-25
470,Kristie Howe,johnsonmichael@baker.com,54,San Diego,2023-12-09
471,Eric Duncan,cummingslaura@freeman.org,39,San Diego,2025-03-09
472,Linda Evans,deleonsandra@yahoo.com,49,Philadelphia,2024-03-08
473,Jessica Conrad,julieatkinson@walters.biz,49,Dallas,2023-07-24
474,Andrew Fernandez,wayne32@nunez.info,51,Los Angeles,2025-01-16
475,Kathy Walker,vhernandez@gmail.com,-8,Houston,2024-06-15
476,Amber Ross,xshaw@anderson.info,31,Philadelphia,2024-04-14
477,Christina Gilbert,charlesfrank@cohen-johnston.com,57,San Diego,2024-11-14
478,Jacob Lee,carrillogary@yahoo.com,44,Dallas,2024-10-02
479,Rebekah Hanson,glassjesus@hotmail.com,36,San Antonio,2024-03-28
480,Nicholas Miller,stacymcintosh@smith-benson.com,24,Dallas,2024-02-03
481,Alexander Clark,amychristensen@webb.com,51,Philadelphia,2024-03-30
482,Mary Williams,campbellkristina@nelson.com,41,San Diego,2024-04-08
483,Mary Durham,smithmichelle@hotmail.com,32,Los Angeles,2024-04-07
484,James Bray,todd98@lopez.info,66,San Antonio,2024-08-20
485,Alison Wright,tracy20@yahoo.com,21,Chicago,2024-11-24
486,Mario Young,garrettnatasha@gmail.com,59,San Jose,2024-08-16
487,Courtney Peterson,christopherreyes@hotmail.com,51,Houston,2024-09-29
488,Melissa Butler,mwaller@cole-anderson.com,54,New York,2024-09-05
489,Rebecca Huffman,russellstout@gmail.com,35,San Jose,2024-11-02
490,Sylvia Stewart,lonniehobbs@johnson.biz,38,Houston,2024-02-02
491,Timothy Shannon,kimberlyrodriguez@gmail.com,63,Los Angeles,2023-07-02
492,Lisa Adams,jerryjohnson@watts.com,54,San Antonio,2024-07-06
493,Julie Banks,ihenry@lee.biz,42,Chicago,2025-01-25
494,Tammy Clements,katherinejones@camacho-burns.com,23,Philadelphia,2025-04-15
495,David Sullivan,zcortez@crosby.com,22,San Jose,2024-07-20
496,Jesus Rich,cterrell@hughes.com,67,Phoenix,2024-01-24
497,Stephen Ayala,sjackson@hotmail.com,32,San Antonio,2025-05-25
498,Jose Thomas,sharpdaniel@hotmail.com,60,San Jose,2025-06-09
499,Kimberly Long,djohnson@hotmail.com,22,Chicago,2025-05-08
500,Christina Gibson,heather21@gmail.com,27,Philadelphia,2023-09-08
501,Madison Miller,nicholasjames@gmail.com,37,Phoenix,2025-05-20
502,Seth Huffman,haroldjoseph@parker-cross.info,45,Dallas,2024-01-22
503,Autumn Anderson,deanjohnny@jimenez-jimenez.com,23,Los Angeles,2024-09-26
504,Cynthia Chapman,fortiz@hotmail.com,42,San Antonio,2024-09-20
505,Stephen Ramirez,lopezbrian@johnson-nash.org,53,Houston,2025-03-23
506,Erin Miller,kchaney@mitchell.org,42,Phoenix,2025-02-12
507,Tracy Curry,daviskevin@yahoo.com,22,Phoenix,2025-05-09
508,Barry Simmons,thomas14@rose-warren.com,22,Houston,2024-09-29
509,Kenneth Krause,mramsey@mitchell.net,57,Los Angeles,2024-08-31
510,Heather Anderson DDS,invalid-email,43,San Jose,2024-12-13
511,Cory Wilson,mclaughlinjared@hotmail.com,46,San Jose,2024-04-29
512,Gene Castro,davidsonhannah@tyler-parker.net,62,Philadelphia,2024-08-12
513,Aaron Jennings,nramsey@gmail.com,38,San Diego,2025-03-19
514,Gary Morgan,probles@gmail.com,38,San Antonio,2024-06-19
515,Joe Grimes,abowers@hotmail.com,30,Dallas,2023-07-25
516,Elizabeth Hardy,clarkgina@yahoo.com,19,San Diego,2023-08-02
517,Diana Johnson,ashleyprice@hotmail.com,69,Los Angeles,2023-09-10
518,Nicole Thornton,nelsonchristopher@gmail.com,44,Chicago,2024-03-26
519,Trevor Robinson,danielglover@gmail.com,60,San Antonio,2025-05-21
520,Jonathan Lloyd,matthewwebb@collins.com,56,San Antonio,2025-03-11
521,Ms. Wendy Harris,hhughes@smith.org,62,New York,2025-04-19
522,John Williams,lanelarry@gmail.com,69,Los Angeles,2024-02-16
523,Dustin Patel,nelsoneric@gmail.com,60,San Jose,2023-06-23
524,Kristin Garcia,joseph49@gmail.com,61,Philadelphia,2023-10-23
525,Louis Morgan,andersonthomas@hotmail.com,18,Houston,2023-07-21
526,Anthony Simmons,tjensen@roth-marquez.net,55,Houston,2023-08-12
527,Nicole Owens,hesssamantha@davis-collins.info,67,Dallas,2024-06-11
528,Danny Callahan,philip55@yahoo.com,48,San Antonio,2024-06-24
529,John Bell,justinbailey@hotmail.com,64,Phoenix,2023-09-18
530,Jennifer Klein,angela14@murray.com,51,San Diego,2024-08-10
531,John Jones,bmueller@cobb.com,46,Phoenix,2025-01-06
532,Laura Tucker,angela72@yahoo.com,19,Los Angeles,2024-04-22
533,Brian Cervantes,troy01@gmail.com,65,Chicago,2025-03-07
534,Kevin Fischer,donnachavez@price-lane.com,45,Houston,2023-11-18
535,Emily Hudson,wrobbins@gmail.com,29,San Antonio,2024-09-06
536,William Powell,bryan80@warner.com,30,San Antonio,2025-04-10
537,Andre Reynolds,jennifer66@yahoo.com,31,Los Angeles,2024-08-08
538,Christopher Taylor,mary24@hotmail.com,52,Philadelphia,2023-09-17
539,Benjamin Smith,iproctor@gmail.com,60,Dallas,2023-09-26
540,Jennifer Bryant,shawncoleman@yahoo.com,42,San Jose,2024-04-05
541,Cody Jacobs,jenniferadams@hotmail.com,47,Phoenix,2024-09-01
542,William Carroll,carpentersuzanne@gmail.com,61,Los Angeles,2023-09-30
543,Kelsey Villarreal,hblack@hotmail.com,41,Dallas,2023-08-19
544,Mark Alvarado,chloe58@harrison.info,54,Chicago,2024-08-30
545,Jennifer Yu,gary94@hotmail.com,59,Chicago,2025-02-10
546,Amy Kennedy,douglaskelly@weber.net,26,San Diego,2023-08-10
547,Diana Anderson,michaela01@hotmail.com,18,Houston,2023-10-25
548,Nancy Hopkins,josehaynes@yahoo.com,50,San Antonio,2023-10-30
549,Shannon Cooper,caitlinunderwood@mullins-gutierrez.biz,46,Los Angeles,2023-12-13
550,Molly Jackson,maykarla@gmail.com,32,Phoenix,2023-07-22
551,James Turner,yvega@baker-moreno.biz,67,San Diego,2023-06-21
552,Robert Reyes,davisamanda@yahoo.com,25,Dallas,2025-03-28
553,Thomas Garrison,joseph14@hotmail.com,70,San Diego,2024-09-07
554,Raymond Curry,erica25@smith.biz,24,Houston,2023-08-26
555,Melissa Bell,james09@gmail.com,46,Los Angeles,2023-07-26
556,Mary Houston,millercassandra@douglas-yoder.org,67,Houston,2025-02-24
557,Stephanie Dominguez,steven17@yahoo.com,40,San Jose,2025-01-29
558,Steven Carrillo,fernando14@gmail.com,26,Houston,2024-04-04
559,Zachary Scott,scottvasquez@gmail.com,52,Dallas,2024-09-28
560,Matthew Rodriguez,christinarodriguez@yahoo.com,36,Phoenix,2024-12-18
561,Andrew Jones,fsmith@gmail.com,61,Chicago,2024-10-31
562,Tasha Ortega,isabelconway@hotmail.com,21,Chicago,2023-06-14
563,Teresa Henry,xanthony@gmail.com,27,Houston,2024-08-04
564,James Norris,bradleysavannah@yahoo.com,49,Phoenix,2024-02-25
565,Jennifer Chen,amanda51@hodges-roberts.com,22,Los Angeles,2023-10-27
566,Tracy Guerrero,omosley@hotmail.com,62,Philadelphia,2024-03-17
567,Dr. Jeffrey Lopez,anthonydavies@burns.net,-9,San Diego,2024-10-23
568,Joseph Flowers,johnsonbrian@hotmail.com,22,San Antonio,2023-07-15
569,Daniel Valdez,joycehall@gmail.com,31,Philadelphia,2023-07-10
570,Katherine Smith,jacquelineanderson@chen.com,54,San Diego,2024-05-31
571,Sara Brown,crawfordlauren@brown.biz,66,Los Angeles,2024-02-29
572,Vickie Gregory,daughertybarbara@gmail.com,19,Chicago,2024-02-16
573,Rebecca Duran,invalid-email,45,Chicago,2024-05-17
574,Kevin Anderson,alexistucker@gmail.com,35,Philadelphia,2023-06-17
575,Brandon Pearson,ysteele@yahoo.com,59,San Antonio,2024-11-30
576,Charles Nelson,lallen@hotmail.com,66,Los Angeles,2024-11-30
577,Christopher Porter,invalid-email,48,San Jose,2024-10-04
578,Philip Fernandez,qtownsend@hill.com,-5,Los Angeles,2025-02-19
579,Ryan Pruitt,ernestlivingston@gmail.com,26,Houston,2024-10-24
580,Daniel King,garciabrian@hotmail.com,24,Philadelphia,2023-10-26
581,Allen Robertson,jenniferwatkins@barnes-burgess.com,67,Chicago,2023-12-07
582,Erika Garcia,nicholaswalker@yahoo.com,22,New York,2024-09-08
583,Dr. Charles Reilly,paultaylor@hotmail.com,40,Chicago,2023-11-09
584,Vanessa Harris,schwartzbrian@rodriguez.info,46,Los Angeles,2024-05-01
585,Greg Tanner,belindatran@miller.info,25,San Antonio,2025-04-11
586,Leslie Hood MD,johnhamilton@gmail.com,68,Phoenix,2025-05-04
587,Theresa Mcintyre,cbaird@quinn-gordon.biz,56,San Jose,2024-07-28
588,Robert Horton,fsimpson@mullins.com,19,Phoenix,2023-09-23
589,David Duarte,kcaldwell@stevens.info,30,Phoenix,2024-06-06
590,Shelly Sullivan,apadilla@hotmail.com,68,San Diego,2023-08-05
591,Michael Schmidt,smullins@hotmail.com,58,Dallas,2024-08-06
592,Christine Cohen,robertsonrenee@yahoo.com,41,Chicago,2025-05-01
593,James Marshall,michael81@fletcher.com,44,Chicago,2024-08-04
594,John Crosby,lukehurst@frazier.com,67,San Jose,2024-05-28
595,Mr. Bryan Mckinney,zoliver@hotmail.com,20,San Antonio,2024-12-01
596,Teresa Jones,millerrachael@yahoo.com,50,San Antonio,2023-08-10
597,Donald Terry,nancymeyer@hotmail.com,52,Chicago,2023-06-29
598,Wayne Weaver,creed@newman.com,50,Chicago,2025-03-21
599,Maria Jenkins,todd88@yahoo.com,58,Los Angeles,2024-06-01
600,Carlos Clarke,jeremy54@hernandez.info,33,Los Angeles,2023-10-19
601,Caitlyn Nichols,maryschwartz@bauer.com,57,Phoenix,2024-08-31
602,David Lopez,tiffany25@fernandez-martin.com,29,Chicago,2023-09-14
603,Jennifer Porter,jreilly@cordova.net,40,Phoenix,2024-02-24
604,Elizabeth Kemp,hmorgan@mendoza.com,67,Los Angeles,2024-02-06
605,Luke Robinson,nguyencathy@gmail.com,69,Dallas,2024-09-07
606,Rachael Wang,millermelissa@powers.com,54,San Diego,2024-06-26
607,Larry Harding,bhernandez@yahoo.com,49,Chicago,2024-04-06
608,Dustin Bell,lewispamela@hotmail.com,24,Los Angeles,2024-04-29
609,Donna Shaffer,ltaylor@hotmail.com,20,New York,2023-08-17
610,Eric Mcneil,fitzpatrickbrittany@yahoo.com,42,Chicago,2023-08-19
611,Mark Nelson,wpage@gonzalez.com,53,San Antonio,2024-08-15
612,Rodney Turner MD,ywalker@gmail.com,64,Los Angeles,2023-10-09
613,Tyler Flowers,valdezpatricia@yahoo.com,61,Chicago,2023-10-29
614,Michael Sanchez Jr.,egamble@hotmail.com,20,Los Angeles,2025-01-11
615,John Graham,hmccann@yahoo.com,67,Philadelphia,2024-07-14
616,Alicia Green,luisjohns@howard.com,41,San Jose,2024-03-18
617,Thomas Kelly,alyssa18@gmail.com,33,San Jose,2025-01-27
618,Pamela George,monique44@wolfe.com,67,Dallas,2025-03-12
619,Chad Campbell,kpeterson@gmail.com,18,New York,2023-11-28
620,Daniel Lopez,estevens@fuentes.info,62,Philadelphia,2024-03-08
621,Jack Montoya,,65,Los Angeles,2025-05-03
622,Ms. Tracy Jackson,garnerdavid@gmail.com,44,New York,2025-04-07
623,Melissa Parker,tinacoleman@jones.biz,35,Houston,2023-07-15
624,Andrew Keller,qwilson@jones.com,62,San Diego,2025-01-18
625,Caleb Guzman,ellenjohnson@singleton.org,24,San Antonio,2024-03-08
626,Scott Norman,garciabelinda@rice.com,45,Chicago,2024-01-16
627,Paul Smith,samanthayork@richardson-lawrence.info,38,San Antonio,2024-11-16
628,Catherine Kelly,olewis@yahoo.com,38,Houston,2023-09-07
629,Emily Owens,tfarmer@hawkins-williams.com,67,Los Angeles,2024-06-29
630,Drew Burke,aperez@yahoo.com,47,Los Angeles,2025-04-06
631,Scott Jacobson,harry71@yahoo.com,31,San Diego,2024-05-17
632,Megan Wilson,gneal@hotmail.com,28,Phoenix,2025-05-30
633,Caroline Cox,james61@massey.info,20,Philadelphia,2024-01-14
634,Pamela Wheeler,thomas96@yahoo.com,40,New York,2024-07-13
635,Randy Rodriguez,ocrawford@gmail.com,29,San Antonio,2023-07-05
636,Anthony Jones,patrickshelton@turner.com,53,San Diego,2025-01-22
637,Paul Saunders,kellyjimenez@hotmail.com,25,Houston,2024-01-01
638,Rhonda Fernandez,ewingnicole@reyes.biz,41,Los Angeles,2024-05-20
639,Andrew Hawkins,travistaylor@hotmail.com,70,Los Angeles,2024-04-09
640,Mr. Michael Keller,khart@hotmail.com,69,Philadelphia,2023-07-25
641,Johnny Arellano,luke09@gmail.com,21,San Jose,2023-09-19
642,Hannah Harmon,oscar65@jenkins-brown.com,49,San Antonio,2023-12-21
643,Erik Miller,danny20@nguyen.org,29,San Diego,2024-07-15
644,Deborah Dominguez,nicholas65@davis.com,57,Phoenix,2024-02-27
645,Robert Contreras Jr.,tara37@hotmail.com,48,Phoenix,2025-03-31
646,Angela Jefferson,joseph49@ballard-weber.com,59,Dallas,2024-12-20
647,Anna Rogers,wsimmons@pearson.net,52,San Antonio,2025-02-25
648,Matthew Edwards,gking@yahoo.com,52,Philadelphia,2024-11-14
649,Catherine Smith,vlewis@adams-little.org,42,New York,2025-04-04
650,Jessica Knight,michaelhernandez@francis.biz,69,New York,2024-04-25
651,Ronald Brown,sadams@martin.com,40,Houston,2023-09-08
652,Alexis Robles,bwashington@yahoo.com,60,Dallas,2024-10-26
653,Christina Nelson,kristine48@newman.info,21,Houston,2025-02-08
654,Scott Miller,lesterrichard@yahoo.com,42,Chicago,2024-11-14
655,Ann Hahn,danielnavarro@boyd.net,69,Philadelphia,2023-12-24
656,Brandon Greene DDS,marisa63@yahoo.com,62,San Jose,2023-11-28
657,Christopher Booker,lking@gmail.com,30,San Diego,2024-06-26
658,Melissa Rodriguez,rvega@gmail.com,20,Houston,2024-03-19
659,Jacob Parker,vazquezkristina@king.com,-1,Houston,2024-10-20
660,Heidi Burnett,miaprice@pennington-hardin.com,29,Philadelphia,2023-08-21
661,Nicole Evans,zwelch@sullivan.info,63,Los Angeles,2024-06-11
662,Tammy Cook,hollowayholly@hotmail.com,22,San Antonio,2023-08-02
663,Lance Li,wneal@gmail.com,38,Chicago,2024-10-22
664,Lorraine Gibbs,moralescourtney@johnston-rodriguez.com,58,Philadelphia,2024-07-17
665,Patricia Banks,usparks@mendoza-moss.com,62,San Jose,2023-10-24
666,Samantha Marsh,perryhunter@duffy-wilkerson.com,55,San Antonio,2023-06-28
667,Tammy Holland,mccannjames@christian.org,26,New York,2023-12-31
668,Tyler Jackson,higginsryan@wilcox-snyder.com,43,San Jose,2024-12-17
669,Tracy Li,julie62@yahoo.com,69,Houston,2025-04-07
670,Daniel Holloway,ywhite@johnson.com,49,Los Angeles,2024-10-03
671,David Aguilar,smithdean@yahoo.com,28,Los Angeles,2024-12-01
672,Daniel Reyes,charles80@gmail.com,64,San Diego,2024-02-25
673,Kaitlin Gomez,kingchristine@madden-lambert.com,62,Phoenix,2025-05-05
674,Lauren Green,natalie21@yahoo.com,21,San Antonio,2024-12-14
675,Brenda Wilson,victormcpherson@adkins-howe.com,49,Philadelphia,2025-05-13
676,Lisa Juarez,ryan25@hotmail.com,48,San Jose,2024-06-27
677,Brittany Farrell,lopezbrian@gmail.com,28,New York,2023-07-09
678,Christopher Mcdonald,wwilliams@hoffman.com,24,Chicago,2023-09-16
679,Dalton Mitchell,anna93@bolton.com,22,Los Angeles,2024-04-30
680,Danielle Jimenez,anthony16@garza-bean.com,48,San Antonio,2023-10-09
681,Joe Zimmerman,rfuller@hotmail.com,45,Los Angeles,2024-11-04
682,Wayne Douglas,stacey92@gmail.com,44,Dallas,2025-04-12
683,Mason Morris,paynecarrie@ross.com,33,San Antonio,2025-01-30
684,Ann Phelps,schan@goodwin.info,27,New York,2025-02-23
685,Robert Collins,elizabeth58@burns.info,60,San Diego,2024-01-06
686,Jenny Avila,ryansimmons@gmail.com,28,Los Angeles,2024-07-14
687,John Walker,prose@miller.info,68,San Diego,2024-01-31
688,Carl Leach,dphillips@jones.biz,59,Chicago,2024-04-27
689,Matthew Carroll,jonathan18@gmail.com,29,Phoenix,2023-09-08
690,Julie Hartman,millernancy@yahoo.com,35,Chicago,2024-02-10
691,Jordan Santiago,tammy23@gmail.com,23,Dallas,2023-08-11
692,Lindsey Savage,aferguson@wilson-jackson.info,32,San Antonio,2024-06-03
693,Sheila Church,christine95@hotmail.com,52,San Diego,2024-11-16
694,Megan Ballard,dereklee@horton.com,37,New York,2023-11-21
695,Mr. David Wilkinson,turnersteven@henderson-wilson.com,69,San Jose,2025-01-05
696,Tracey Ruiz,jameshudson@yahoo.com,46,Chicago,2023-07-21
697,Brian Abbott,vallison@hotmail.com,26,Los Angeles,2024-09-16
698,Yvonne Johnson,upalmer@hotmail.com,70,San Jose,2025-06-07
699,Ruth Freeman,hendersonleslie@adams.biz,69,San Antonio,2025-05-02
700,Johnny Mcmillan,bterry@gmail.com,35,New York,2024-01-21
701,Julie Kim,sandra72@sharp-myers.biz,51,Los Angeles,2025-03-20
702,Marissa Ward,christycampbell@hotmail.com,55,Los Angeles,2023-08-17
703,Betty Gonzalez,leonsherry@yahoo.com,24,Dallas,2024-02-02
704,Justin Kidd,michael22@hotmail.com,34,San Diego,2023-07-06
705,Gail Wilson,hoffmantom@glover-hammond.net,29,Chicago,2024-01-05
706,Sarah Russo,housesamuel@estes-campos.com,43,Philadelphia,2025-02-08
707,Rachael Meza,jacksondavid@bartlett.com,48,Philadelphia,2024-12-13
708,Jonathan Oconnor,deborahcook@martinez.info,37,San Diego,2024-04-29
709,Adriana Davenport,justin21@yahoo.com,32,San Diego,2024-03-27
710,Jennifer Soto,karenmoreno@taylor.biz,64,Los Angeles,2025-05-25
711,Jimmy Phelps,ramoskayla@hotmail.com,70,San Diego,2025-02-27
712,Andrea Morgan,ryanlong@gmail.com,70,Chicago,2024-11-05
713,Brittany Andrews,rmorales@hotmail.com,43,Dallas,2024-08-15
714,Mikayla Edwards,wilcoxrachel@hotmail.com,30,Houston,2025-05-26
715,Jared Schneider,pam63@yahoo.com,47,Philadelphia,2023-08-16
716,George Hardy,jason88@boyd-sherman.com,70,San Antonio,2023-06-30
717,Robert Vargas,jessica81@brown.com,19,San Diego,2023-09-16
718,Matthew Martinez,chaveztonya@hotmail.com,48,Philadelphia,2024-09-05
719,Stephanie Burton,kevin92@gray.net,34,Los Angeles,2024-09-06
720,Richard Gibson,fpoole@brown.info,28,Houston,2023-11-25
721,Jacob Fox,breanna67@hotmail.com,61,San Antonio,2025-06-04
722,Monique Butler,williamwashington@anderson-bush.net,67,San Diego,2023-09-11
723,Joy Johnson,sandra19@rodriguez-wood.com,56,Houston,2023-07-13
724,Autumn Torres,kelly02@gmail.com,37,Phoenix,2025-02-09
725,Amber Shannon,isaacsingh@gmail.com,40,Houston,2023-09-15
726,Andrea Williams,ariel56@yahoo.com,70,San Jose,2025-03-21
727,Lisa Gill,jcontreras@hotmail.com,60,Philadelphia,2024-02-19
728,Mario Hanson,rachelmorgan@gmail.com,36,Los Angeles,2024-11-13
729,Nancy Brewer,armstronglaura@parker.com,35,Phoenix,2023-11-08
730,Kimberly Todd,bshaw@barrett.com,59,Chicago,2023-06-26
731,Daniel Gallegos,romancatherine@yahoo.com,21,San Jose,2024-09-11
732,Scott Johnson,robertheath@yahoo.com,26,San Diego,2024-04-03
733,Brian Garcia,douglas41@parker.com,44,New York,2023-07-27
734,Erika Johnson,peter52@orozco-scott.com,70,Houston,2023-07-22
735,Paul Willis,ravery@gmail.com,48,Philadelphia,2024-02-14
736,Jason Washington,robinsmith@hotmail.com,60,Chicago,2024-09-09
737,Danielle Peters,ashley71@mason.net,65,Dallas,2023-10-20
738,Kimberly Henderson,smithsteven@hotmail.com,61,Los Angeles,2024-01-22
739,Carol Brown,carla65@hotmail.com,37,Philadelphia,2023-11-24
740,Katrina Williams,christopher12@hawkins.org,47,San Diego,2024-07-08
741,Emily Fleming,tiffany74@gmail.com,55,Los Angeles,2024-11-07
742,Mrs. Julia Greene,deborahsmith@smith-smith.com,25,San Antonio,2024-04-27
743,Melissa Burns,cobbdebra@gmail.com,27,Houston,2024-08-03
744,Ronnie Powers,teresa69@hughes-combs.com,47,Chicago,2023-09-16
745,Timothy Wallace,changerin@howard.com,58,Philadelphia,2025-02-28
746,Cynthia Snyder,invalid-email,35,Chicago,2024-09-24
747,Craig Nicholson,kaneashley@yahoo.com,68,Los Angeles,2023-10-22
748,Mary Knight,chapmanjulie@green.com,45,San Diego,2025-04-26
749,Rachael Lee,erin70@davidson-hahn.com,30,New York,2025-04-05
750,Jessica Carney,fraziersteven@yahoo.com,51,New York,2024-07-17
751,Stacey Walker,upatel@gmail.com,62,Phoenix,2024-04-11
752,Brad Armstrong,tiffanycoleman@stark.com,55,Los Angeles,2024-02-22
753,Mark Davis,lmorton@hotmail.com,36,Dallas,2025-06-07
754,David Rodriguez,marissa58@harding.org,61,Philadelphia,2024-05-17
755,Lori Riley,rangelnicholas@brown.info,66,San Antonio,2023-07-24
756,Mark Jones,phillipspatrick@williamson.com,26,New York,2025-04-13
757,Mary Smith,npope@hotmail.com,41,New York,2023-08-29
758,Timothy Logan,briana11@gmail.com,67,New York,2024-09-16
759,Leslie Randall,michael79@lopez-taylor.com,24,New York,2023-07-28
760,Kevin Palmer,brandy82@gmail.com,46,Dallas,2024-06-10
761,Grant Wood,brianhunter@trevino.com,31,New York,2024-10-21
762,Rachel Peterson,vgreene@hotmail.com,60,San Jose,2024-08-24
763,Lisa Barnes,gibsonkristina@crawford.com,24,San Jose,2024-12-01
764,Marcus Allen,lharris@gmail.com,24,San Jose,2024-03-19
765,Hunter Spencer,scott95@hester.com,51,Philadelphia,2024-01-18
766,Stephen Higgins,gregorysmith@yahoo.com,20,Houston,2025-05-19
767,Ronald Taylor,sharon47@wood.com,0,Los Angeles,2024-07-25
768,Yolanda Keith,thomassandra@lee.com,60,Los Angeles,2024-02-13
769,Vanessa Sanchez,melissaphillips@murphy.com,64,Phoenix,2025-04-19
770,Jordan Silva,jessicamueller@hotmail.com,36,New York,2024-10-01
771,Jordan Potter,lstone@yahoo.com,20,Philadelphia,2024-12-16
772,Michael Baldwin,zadams@hotmail.com,65,New York,2025-05-27
773,Marie Clark,,59,Philadelphia,2025-05-07
774,Scott Foster,koneal@gmail.com,35,Los Angeles,2025-06-07
775,Dawn Miller,sean53@williams.info,25,San Diego,2024-06-09
776,Jacob Jimenez,cjohnson@gmail.com,48,Chicago,2024-01-04
777,Heather Miller,sara11@ward.com,21,Chicago,2024-02-26
778,Gary Turner,janicebolton@hotmail.com,48,San Diego,2025-01-06
779,Debbie Carrillo,krista66@hotmail.com,40,Chicago,2025-01-20
780,Kaitlyn Hunt,uperez@clark.net,44,Los Angeles,2025-01-20
781,Robert Peterson,megan66@gonzales.com,63,Dallas,2024-03-29
782,Shane Torres,wcochran@perez-simmons.biz,54,Philadelphia,2025-01-24
783,Kimberly Nguyen,weekseric@carroll-lloyd.org,57,Houston,2024-08-30
784,Veronica Harris,fergusonjacob@gmail.com,59,Dallas,2024-02-22
785,Jocelyn Kline,damontran@serrano.info,18,Chicago,2023-07-02
786,Benjamin Mccarty,jessekeller@gmail.com,49,Los Angeles,2024-05-30
787,Joseph Jackson,hmoore@gmail.com,39,New York,2024-08-01
788,Patrick Price,monicacollins@ortega.com,42,Houston,2024-09-10
789,Mitchell Stevens,rittersean@jacobs-wright.com,54,San Diego,2025-05-19
790,Katherine Ford,robertsnicole@reed-kirby.com,49,New York,2024-04-10
791,Rhonda Thompson,rachelquinn@cruz-hopkins.org,53,Los Angeles,2023-08-25
792,Tracy Allen,nicole84@hendricks.com,58,Dallas,2025-05-17
793,Willie Tran DVM,gordonkimberly@hayes-king.net,47,Philadelphia,2023-07-16
794,Benjamin Neal,zcooper@gmail.com,47,San Jose,2024-04-15
795,David Fletcher,ellen77@jones-kelley.com,41,Los Angeles,2024-12-17
796,Brenda Hoover,marylawson@phillips.biz,18,Phoenix,2023-10-20
797,Phillip Byrd,nhoward@johnson.com,24,Chicago,2025-03-22
798,Kelly Bates,cvaughn@george.biz,65,Los Angeles,2025-01-27
799,David Kerr,smithanthony@rogers.com,25,San Antonio,2023-11-30
800,Anne Conley,bradleyhunt@morris-sims.org,30,Los Angeles,2023-11-19
801,Jennifer Patterson,danielmorris@morales.com,58,San Jose,2024-04-09
802,Daniel Barrett,bradley36@yahoo.com,47,Dallas,2025-01-28
803,Victoria Garcia,susan95@horton.com,51,Dallas,2024-02-24
804,Philip Watts,rogerscharlotte@hotmail.com,48,Chicago,2024-05-25
805,Martin Hall,andrewblake@parker.biz,70,San Antonio,2025-01-20
806,Bobby Taylor,james63@hotmail.com,38,San Antonio,2023-07-11
807,Nicholas Hinton,dennis50@hotmail.com,62,Phoenix,2025-02-15
808,Maria Roberts,melanierivera@harris.com,36,Chicago,2025-02-23
809,Michelle Franklin,isaiah01@yahoo.com,65,Dallas,2023-08-05
810,Amy Braun,christopherwatkins@young.biz,53,Houston,2024-12-26
811,Christopher Gonzalez,catherineturner@hotmail.com,61,Chicago,2024-05-25
812,Christina Huffman,tapiamichael@yahoo.com,29,Philadelphia,2023-10-20
813,Jay Lynch,lorileon@gmail.com,53,San Jose,2025-01-23
814,Scott Blake,angelathompson@yahoo.com,61,Dallas,2024-06-06
815,Douglas Hart,cookjennifer@gmail.com,69,Los Angeles,2023-10-10
816,April Hensley,asullivan@yahoo.com,60,Phoenix,2025-01-08
817,John Davidson,hdyer@frederick-martin.biz,36,Chicago,2023-12-27
818,Nicole Bailey,heather66@hotmail.com,36,Dallas,2023-12-20
819,Andrew Li,josegibson@hernandez.com,24,Dallas,2023-06-21
820,Brandon Dawson,fmccarthy@hotmail.com,53,Dallas,2025-05-18
821,Jay Gallegos,vincent86@hotmail.com,36,New York,2024-02-06
822,Nicole Glass,fieldskimberly@olsen-adams.com,68,Philadelphia,2025-06-03
823,Melissa Smith,esmith@butler.biz,65,San Jose,2023-10-22
824,Cody Taylor,waynerodriguez@hotmail.com,46,Philadelphia,2025-03-05
825,Curtis Brady,tonya67@durham.com,56,Houston,2024-01-25
826,Caleb Brown,timothychambers@smith.com,61,Chicago,2024-11-09
827,Victoria Davis,wmorrison@frederick-kennedy.com,20,Dallas,2024-09-23
828,Jacob Wu,shelleyortega@yahoo.com,-3,Chicago,2024-09-28
829,Henry Rivera,bryantholly@houston.com,56,San Jose,2025-04-16
830,Tiffany Walton,shannon78@keller-smith.com,68,Philadelphia,2023-06-24
831,Shelley Montes,fhall@yahoo.com,51,Chicago,2025-01-06
832,Angela Patterson,navarrokelly@gmail.com,28,Dallas,2024-12-15
833,Joseph Armstrong,tylermiller@davies.info,31,Philadelphia,2023-09-09
834,Mr. David Jackson,grahamjennifer@hickman.biz,66,San Diego,2025-01-27
835,Nathan Wade,sandraschultz@davis-holt.com,0,Philadelphia,2025-06-04
836,Tammy Brown,vkent@hotmail.com,57,Houston,2024-12-26
837,Martin Hoffman,jeffreywilson@gmail.com,38,Los Angeles,2023-09-06
838,Patrick Pineda,david56@mclaughlin.com,36,Dallas,2025-03-30
839,Jeff Wise,danielsmith@stewart-cabrera.com,69,San Diego,2025-03-23
840,Michael Hernandez,juliesweeney@hotmail.com,30,Los Angeles,2023-07-08
841,Ellen Mooney,wendy97@poole.biz,67,New York,2023-07-27
842,Mrs. Samantha Clark,leblanckimberly@luna-evans.com,58,San Antonio,2023-06-28
843,Gail Gregory,hmyers@hotmail.com,62,San Antonio,2024-01-17
844,Thomas Haynes,andersonkaren@hotmail.com,65,New York,2025-04-14
845,Sarah Mckinney,barbararamos@yahoo.com,23,Chicago,2024-01-24
846,Christine Brock,coxmelissa@gregory.biz,54,Phoenix,2024-05-08
847,Carol Brown,dwhite@gmail.com,43,New York,2024-07-16
848,Leslie Booker,austinallen@yahoo.com,18,San Jose,2024-02-02
849,Tiffany Delgado,stricklandmichelle@hotmail.com,20,Los Angeles,2024-04-03
850,Matthew Richardson,millertracy@kerr.org,36,Phoenix,2024-06-18
851,Patrick Bauer,pwashington@hamilton.com,46,New York,2024-12-17
852,Rebecca Lopez,ihawkins@freeman.com,26,Dallas,2025-01-17
853,Tracie Merritt,adamwest@martinez-anderson.com,37,Philadelphia,2024-10-30
854,Justin York,whitneywilliam@burch-jackson.com,53,New York,2023-12-21
855,Tracy Stone,,52,Los Angeles,2025-02-09
856,Joseph Taylor,alexandra59@hotmail.com,64,San Antonio,2024-07-12
857,Brett Weiss,lopezkevin@bernard.net,27,Houston,2023-11-26
858,Destiny Daniel,piercejorge@hotmail.com,25,San Jose,2025-05-13
859,Jesus Duffy,amandajones@hotmail.com,53,Dallas,2024-01-07
860,Melissa Lee MD,uunderwood@gray-maynard.com,34,San Jose,2023-08-11
861,Joseph Sutton,murphychristopher@yahoo.com,26,Houston,2025-02-05
862,Sean Perez,bennetttanya@lynn-patton.com,30,San Diego,2023-10-26
863,Sheri Chapman,ricejackie@yahoo.com,62,San Jose,2024-08-13
864,Brett Williams,zwhite@hotmail.com,45,Philadelphia,2024-11-19
865,Kim Wheeler,qvargas@gmail.com,65,Phoenix,2024-11-26
866,Brittney Martinez,brian53@hotmail.com,64,San Diego,2024-09-26
867,Jimmy Gonzales,rshaw@yahoo.com,37,Los Angeles,2024-07-20
868,Sierra Cervantes,mezarichard@yahoo.com,35,Chicago,2025-03-29
869,Bobby Blair,barbaramiller@spencer-vasquez.com,64,Los Angeles,2024-05-06
870,Tara Taylor,sullivanchristina@hotmail.com,50,San Jose,2023-06-17
871,Michele Brady,lawsontami@conrad.com,31,Dallas,2023-08-09
872,Casey Gomez,ksimpson@booker-morgan.com,52,Chicago,2025-03-19
873,Pamela Wilson,ncarter@gmail.com,67,Phoenix,2025-01-05
874,Jennifer Leblanc,fstafford@kelly.info,23,Dallas,2024-02-22
875,Brian Bailey,ggomez@vasquez-miller.net,69,Chicago,2025-05-09
876,Caleb Freeman,jeremy65@diaz-mcclain.net,28,San Jose,2025-03-03
877,William Douglas,donaldburgess@gmail.com,65,Philadelphia,2024-03-17
878,Michelle Rodriguez,andersonrobert@yahoo.com,32,Philadelphia,2025-05-11
879,Melvin Vaughan,fisherandrea@hotmail.com,51,Philadelphia,2024-12-17
880,Paul Deleon,ganderson@gmail.com,20,Philadelphia,2023-09-17
881,Jonathan Saunders,gregorymatthew@mclaughlin.info,58,Phoenix,2023-08-15
882,Danielle Hernandez,juanwilson@gamble-wright.biz,42,Philadelphia,2023-11-13
883,Richard Garcia,victoriagarza@hernandez.com,22,San Antonio,2023-11-08
884,Jessica Jensen,jamesalicia@schultz.info,43,Philadelphia,2023-07-29
885,Maria Torres,juan56@gmail.com,-8,San Diego,2024-02-15
886,Catherine Smith,justinramirez@hotmail.com,59,Chicago,2023-08-29
887,David Henry,daniel08@gmail.com,63,Houston,2024-02-24
888,Robert Paul,debraclark@yahoo.com,25,San Diego,2023-08-18
889,Bianca Newton,willisrhonda@roth.com,59,New York,2023-08-09
890,Lisa Turner,amandahernandez@gmail.com,55,Dallas,2023-11-07
891,Michael Snow,shane16@gmail.com,21,Chicago,2024-06-21
892,Timothy Gordon,carolhorton@roberts.com,54,Phoenix,2025-02-18
893,Cheryl Olsen,martinkaren@yahoo.com,56,San Diego,2024-08-21
894,Jennifer Nelson,moorejeffery@smith.net,56,San Jose,2024-12-12
895,Deanna Phelps,andrea23@gmail.com,60,Chicago,2024-07-30
896,Andrew Hernandez,josephgibbs@hotmail.com,47,Los Angeles,2023-12-22
897,Christine Wilson DDS,christopher84@hotmail.com,24,Dallas,2023-09-23
898,Logan Nguyen,hollowayjeffrey@thompson-bonilla.net,44,San Jose,2024-11-03
899,Paula Deleon,qbautista@walters.com,57,Dallas,2024-02-18
900,Kevin Morton,seanblair@yahoo.com,48,San Jose,2024-03-24
901,John Crawford,invalid-email,67,San Antonio,2024-06-26
902,Catherine Campbell,nicoleroth@hotmail.com,20,San Antonio,2024-09-26
903,Charles Simmons,hgarcia@gmail.com,68,Philadelphia,2024-12-27
904,Alexandra Garcia,rodriguezalexander@hotmail.com,66,San Jose,2025-06-06
905,David Miller,sparksalbert@daniels.com,48,Los Angeles,2023-11-16
906,Peter Stafford,martin23@stephens.net,44,New York,2023-09-15
907,Andrew Stephens,othomas@perez.com,54,Dallas,2024-03-12
908,Courtney Koch,,62,San Antonio,2024-04-05
909,Michelle Valenzuela,vickiwalker@yahoo.com,59,Phoenix,2024-03-15
910,Gene Ward,munozgregory@rogers.com,41,San Antonio,2024-10-09
911,Hannah Garcia,sarah10@gmail.com,68,Chicago,2025-02-05
912,Erica Myers,wilsonronald@hotmail.com,34,San Jose,2024-01-14
913,Frank Anderson,luis67@hotmail.com,65,Los Angeles,2024-04-28
914,Mallory Taylor,fbarnes@ferguson.biz,62,Los Angeles,2023-08-15
915,Jennifer Lane,youngaaron@cox.com,39,San Jose,2025-05-27
916,Thomas Ward,steven86@clark.com,28,New York,2025-01-12
917,Victor Padilla,hortonroger@gmail.com,48,San Antonio,2024-12-07
918,Kevin Woods,thomasdonald@jones.biz,41,New York,2023-10-06
919,Julie Taylor,vjenkins@yahoo.com,43,Dallas,2025-02-07
920,Alexis Rodriguez,munozglenn@smith.info,21,Chicago,2024-08-15
921,Deanna Armstrong,rodneymoore@gmail.com,30,Dallas,2024-07-21
922,Trevor Paul,robinsonisaiah@hotmail.com,56,Houston,2024-08-19
923,Angela Schwartz,denise66@gmail.com,41,New York,2023-07-24
924,Maria Lee,millercarrie@johnson-campbell.net,35,Philadelphia,2023-09-02
925,Kyle Avila,andrealittle@gmail.com,30,Los Angeles,2023-12-15
926,William Cunningham,williamschristopher@yahoo.com,64,San Jose,2023-06-18
927,Dr. Tina Porter,iswanson@hotmail.com,35,Houston,2024-11-17
928,Jason Figueroa,andrewflynn@willis-christian.com,18,San Antonio,2023-10-15
929,Joel Mcclure,nicoleaguirre@thomas.net,50,Los Angeles,2024-07-17
930,Lisa Mills PhD,matthewward@yahoo.com,52,San Jose,2023-07-13
931,Patricia Hughes,rubioashley@davis-smith.com,42,Houston,2024-08-09
932,Rebecca Jacobson,gibsongeoffrey@yahoo.com,47,San Jose,2023-10-15
933,Kenneth Gomez,jennifermurray@good-hines.info,34,Houston,2024-10-29
934,Teresa Bonilla,coxjustin@yahoo.com,38,Philadelphia,2025-04-07
935,Melanie Alexander,invalid-email,34,Los Angeles,2024-01-02
936,Wendy Williams,hollycastro@farrell.biz,39,Chicago,2023-10-12
937,Sarah Walker,baileytaylor@hotmail.com,54,Houston,2025-05-11
938,Ashley White,mtate@murphy-stewart.org,65,Phoenix,2024-06-23
939,Patrick Wilson,gardnerstacy@gmail.com,33,Philadelphia,2024-10-21
940,Keith Huerta,mayermichael@yahoo.com,23,San Diego,2024-06-13
941,Daniel Johnson,johnny21@gmail.com,52,San Diego,2023-08-04
942,Brad Russo,qwarren@yahoo.com,54,San Diego,2023-11-01
943,Anna Valenzuela,franklin56@yahoo.com,50,Houston,2024-06-15
944,Rachel Sheppard,rita96@gmail.com,51,San Diego,2024-08-20
945,Linda Miller,elizabeth50@mosley.info,40,Chicago,2025-04-13
946,Ricky Craig,mcneilsherry@gmail.com,51,New York,2024-10-16
947,Wayne Davis,robertpayne@burke.com,55,Philadelphia,2023-11-21
948,Valerie Ray,lisa04@shaw-parrish.info,53,Phoenix,2024-10-28
949,Mrs. Heather Clayton MD,housestephen@yahoo.com,41,San Antonio,2023-10-27
950,Carla Graham,swalters@hotmail.com,41,San Antonio,2025-06-09
951,Shannon Cowan,bankschristina@garcia-brady.org,26,Houston,2025-06-01
952,Madeline Gordon,melissa33@arnold-wilson.info,69,San Antonio,2023-09-16
953,Riley Marshall,ayerskimberly@hotmail.com,69,Chicago,2024-01-18
954,Matthew Parker,invalid-email,44,Dallas,2023-06-24
955,Richard Randall,george96@gmail.com,49,Dallas,2024-08-16
956,Cheryl Newman,oanderson@madden-thompson.com,24,New York,2024-07-17
957,David Mckinney,welchkristen@rangel.com,58,Philadelphia,2023-11-17
958,Alexander Smith,montgomeryamy@armstrong.com,53,Phoenix,2024-05-29
959,Paula Lopez,james36@hopkins-hill.com,40,San Jose,2024-10-11
960,William Camacho,hho@thomas.com,59,Phoenix,2023-08-23
961,Ryan Durham,ygarcia@gutierrez.com,49,San Diego,2023-11-22
962,Jaime Edwards,hectorsmith@gmail.com,36,Chicago,2024-11-05
963,Lisa Johnson,timothy99@hotmail.com,39,San Jose,2023-06-15
964,Patrick House,herreraapril@robinson.com,22,Philadelphia,2025-05-09
965,Garrett Robinson,joshua31@erickson-pearson.info,36,San Jose,2025-01-10
966,Jessica Potts,gerald46@silva.com,46,Philadelphia,2023-10-18
967,Tiffany Freeman,rcarlson@yahoo.com,46,Chicago,2024-10-07
968,James Gonzalez,rachael17@gmail.com,33,Los Angeles,2025-05-02
969,Jorge Matthews,raymond12@yahoo.com,24,San Diego,2024-05-10
970,Heather Jones,dustin51@gmail.com,43,Los Angeles,2024-02-14
971,Michelle Lewis,annacruz@hotmail.com,23,San Antonio,2023-11-23
972,Ashley Ramirez,bfleming@li-gonzalez.com,36,Chicago,2025-02-24
973,Anthony Hill Jr.,carolyngarza@gmail.com,19,Philadelphia,2024-09-01
974,Albert Logan,zmitchell@huang.com,48,Dallas,2024-02-29
975,Andrea Davis,joshua56@gmail.com,26,Dallas,2024-08-17
976,Katherine Williams,psnyder@gmail.com,58,San Jose,2025-03-27
977,Luke Johnson,taylorvictoria@ramsey.com,52,Philadelphia,2025-03-06
978,Wanda Villa,nicole01@valentine.com,23,Philadelphia,2024-02-22
979,Rebecca Gray,brandywilson@atkins-mullins.biz,-8,Philadelphia,2024-10-18
980,Bryan Rose,ubray@hotmail.com,62,San Diego,2024-06-20
981,Dennis Phillips,angelica33@miller.com,69,Houston,2024-11-13
982,Robert Lopez,jason98@garrison.info,30,Dallas,2024-11-01
983,Jonathan Sloan,paul79@harris.biz,63,San Antonio,2023-10-17
984,Tiffany Ray,stevenrodriguez@allen.com,23,Houston,2024-01-05
985,Matthew Chavez,mcintoshchristopher@yahoo.com,57,Phoenix,2023-11-23
986,Jonathan Romero,gnelson@wong.biz,69,Houston,2023-11-09
987,James Wheeler,drodriguez@hotmail.com,36,San Diego,2023-12-22
988,Colleen Brown,john81@perez-oliver.biz,57,Philadelphia,2024-04-11
989,Daniel Holloway,yharris@gmail.com,52,Los Angeles,2024-03-08
990,Michele Roberts,lopezrebecca@woods.com,46,Houston,2023-10-22
991,Benjamin Lopez,suzannewade@yahoo.com,31,Phoenix,2024-02-26
992,William Ibarra,wheelertara@smith.com,41,New York,2025-03-09
993,Michael Roberts,karirowe@torres.com,27,San Antonio,2024-05-28
994,Gregory Gardner DDS,stephen54@hotmail.com,30,Phoenix,2024-02-26
995,Patricia Vincent,nelsonapril@hotmail.com,25,Houston,2023-06-28
996,Jason Robinson,tyler39@dominguez.com,33,New York,2023-11-09
997,Jamie Rodriguez,harcher@gmail.com,24,Houston,2024-01-04
998,Hannah Rivera,kyle09@hotmail.com,37,Chicago,2024-12-08
999,Logan Hamilton,keith07@hotmail.com,53,Phoenix,2023-10-04
1000,Chris Levy,tommy14@chavez.com,41,Houston,2025-03-14
